{"train/reward": -0.0025852939618383436, "train/raw_reward": 0.0, "train/done": 0, "train/episode_reward_running": -1.4081881282062445, "train/episode_raw_reward_running": 0.0, "train/episode_len_running": 934, "_timestamp": 1767723755.3780966, "_runtime": 13569.309599637985, "_step": 120606, "episode/reward": -2.328560767008445, "episode/raw_reward": 1.0, "episode/len": 940, "episode/index": 123, "train/updated": 1, "train/update_seconds": 152.12590265274048, "train/buffer_len": 4000, "train/step": 120000, "train/global_env_steps": 480000, "train/checkpoint_saved": 1, "_wandb": {"runtime": 13945}}