{"train/reward": -2.001953125e-05, "train/raw_reward": 0.0, "train/done": 0, "train/episode_reward_running": 1.9799999999999924, "train/episode_raw_reward_running": 0.0, "train/episode_len_running": 1000, "_timestamp": 1767517927.853451, "_runtime": 8570.047440052032, "_step": 100000, "episode/reward": 1.9799999999999924, "episode/raw_reward": 0.0, "episode/len": 1000, "episode/index": 99, "train/updated": 1, "train/update_seconds": 133.92510890960693, "train/buffer_len": 4000, "train/checkpoint_saved": 1, "_wandb": {"runtime": 8569}}