{"train/reward": -2.00042724609375e-05, "train/raw_reward": 0.0, "train/done": 0, "train/episode_reward_running": -1.0159999961853028, "train/episode_raw_reward_running": 0.0, "train/episode_len_running": 800, "_timestamp": 1767583580.137756, "_runtime": 199.8605260848999, "_step": 3800, "episode/reward": -0.01999999237062655, "episode/raw_reward": 0.0, "episode/len": 1000, "episode/index": 2, "_wandb": {"runtime": 287}}