{"train/reward": -2.00042724609375e-05, "train/raw_reward": 0.0, "train/done": 0, "train/episode_reward_running": -2.0119999999999867, "train/episode_raw_reward_running": 0.0, "train/episode_len_running": 600, "_timestamp": 1767508339.3057644, "_runtime": 544.5430543422699, "_step": 7600, "episode/reward": 0.9800000000000116, "episode/raw_reward": 0.0, "episode/len": 1000, "episode/index": 6, "train/updated": 1, "train/update_seconds": 135.96822547912598, "train/buffer_len": 4000}