{"train/reward": -1.9989013671875e-05, "train/raw_reward": 0.0, "train/done": 0, "train/episode_reward_running": 3.9920000000000058, "train/episode_raw_reward_running": 0.0, "train/episode_len_running": 400, "_timestamp": 1767508901.597536, "_runtime": 1106.8348259925842, "_step": 13400, "episode/reward": -1.0199999847411945, "episode/raw_reward": 0.0, "episode/len": 1000, "episode/index": 12, "train/updated": 1, "train/update_seconds": 135.85469722747803, "train/buffer_len": 4000, "_wandb": {"runtime": 1114}}