{"train/reward": -1.9989013671875e-05, "train/raw_reward": 0.0, "train/done": 0, "train/episode_reward_running": -12.275839996337908, "train/episode_raw_reward_running": 0.0, "train/episode_len_running": 800, "_timestamp": 1767661714.6744826, "_runtime": 6933.054507493973, "_step": 19800, "episode/reward": 6.980240142822279, "episode/raw_reward": 0.0, "episode/len": 1000, "episode/index": 18, "train/updated": 1, "train/update_seconds": 1396.5261933803558, "train/buffer_len": 4000, "_wandb": {"runtime": 6968}}