{"train/reward": -2.001953125e-05, "train/raw_reward": 0.0, "train/done": 0, "train/episode_reward_running": -2.015280334472619, "train/episode_raw_reward_running": 0.0, "train/episode_len_running": 800, "_timestamp": 1767654373.4385674, "_runtime": 20202.135291337967, "_step": 51800, "episode/reward": 9.620900207519572, "episode/raw_reward": 0.0, "episode/len": 1000, "episode/index": 50, "train/updated": 1, "train/update_seconds": 1399.4697513580322, "train/buffer_len": 4000, "train/checkpoint_saved": 1, "_wandb": {"runtime": 20399}}