{"train/reward": -2.00042724609375e-05, "train/raw_reward": 0.0, "train/done": 0, "train/episode_reward_running": -10.011479980468735, "train/episode_raw_reward_running": 0.0, "train/episode_len_running": 600, "_timestamp": 1767636065.6834066, "_runtime": 1894.3801305294037, "_step": 7600, "episode/reward": -5.0192799606322716, "episode/raw_reward": 0.0, "episode/len": 1000, "episode/index": 6, "train/updated": 1, "train/update_seconds": 1404.8472056388855, "train/buffer_len": 4000}