{"train/reward": -1.1442608578870444e-05, "train/raw_reward": 0.0, "train/done": 0, "train/episode_reward_running": 0.9267090041919016, "train/episode_raw_reward_running": 0.0, "train/episode_len_running": 600, "_timestamp": 1767678244.100043, "_runtime": 2081.2109811306, "_step": 23600, "episode/reward": -0.40517286080432363, "episode/raw_reward": 0.0, "episode/len": 1000, "episode/index": 22, "train/updated": 1, "train/update_seconds": 149.47774076461792, "train/buffer_len": 4000, "train/checkpoint_saved": 1}