{"_wandb": {"runtime": 66}, "episode/len": 1000, "episode/return": 25.699750900268555, "episode/env_i": 0, "_timestamp": 1768188845.7504625, "_runtime": 65.49632358551025, "_step": 951998}