{"train/reward": 0.9599799957275388, "train/raw_reward": 0.0, "train/done": 0, "train/episode_reward_running": -8.335939994812046, "train/episode_raw_reward_running": 0.0, "train/episode_len_running": 800, "_timestamp": 1767664432.688149, "_runtime": 215.38335609436035, "_step": 3800, "episode/reward": -1.2899999923706043, "episode/raw_reward": 0.0, "episode/len": 1000, "episode/index": 2, "_wandb": {"runtime": 227}}