{"train/reward": -1.1599678114706088e-05, "train/raw_reward": 0.0, "train/done": 0, "train/episode_reward_running": 2.592594579998644, "train/episode_raw_reward_running": 0.0, "train/episode_len_running": 200, "_timestamp": 1767673734.5666757, "_runtime": 1195.4573817253113, "_step": 13341, "episode/reward": 6.059282311131335, "episode/raw_reward": 1.0, "episode/len": 341, "episode/index": 13, "train/updated": 1, "train/update_seconds": 149.42895936965942, "train/buffer_len": 4000, "_wandb": {"runtime": 1405}}