{"train/reward": -1.999664306640625e-05, "train/raw_reward": 0.0, "train/done": 0, "train/episode_reward_running": -0.4039999961853016, "train/episode_raw_reward_running": 0.0, "train/episode_len_running": 200, "_timestamp": 1767669663.3551228, "_runtime": 175.7877917289734, "_step": 3200, "episode/reward": -0.5699999923705967, "episode/raw_reward": 0.0, "episode/len": 1000, "episode/index": 2}