{"train/reward": -0.004492510299738534, "train/raw_reward": 0.0, "train/done": 0, "train/episode_reward_running": -1.4080415469942342, "train/episode_raw_reward_running": 0.0, "train/episode_len_running": 394, "_timestamp": 1767726888.1853426, "_runtime": 1865.5815315246582, "_step": 139000, "episode/reward": -4.517194233419636, "episode/raw_reward": 0.0, "episode/len": 1000, "episode/index": 17, "train/updated": 1, "train/update_seconds": 152.27927827835083, "train/buffer_len": 4000, "train/step": 136000, "train/global_env_steps": 544000, "_wandb": {"runtime": 1875}}