{"train/reward": -1.9989013671875e-05, "train/raw_reward": 0.0, "train/done": 0, "train/episode_reward_running": -5.015999969482346, "train/episode_raw_reward_running": 0.0, "train/episode_len_running": 800, "_timestamp": 1767543894.929681, "_runtime": 1362.3508341312408, "_step": 15800, "episode/reward": 0.9800000305176023, "episode/raw_reward": 0.0, "episode/len": 1000, "episode/index": 14, "train/updated": 1, "train/update_seconds": 142.29209637641907, "train/buffer_len": 4000, "_wandb": {"runtime": 1393}}