{"train/reward": -9.502444205865878e-05, "train/raw_reward": 0.0, "train/done": 0, "train/episode_reward_running": -3.166375118724634, "train/episode_raw_reward_running": 0.0, "train/episode_len_running": 200, "_timestamp": 1767702461.8509958, "_runtime": 4328.4485058784485, "_step": 40200, "episode/reward": -3.0094763740778836, "episode/raw_reward": 0.0, "episode/len": 1000, "episode/index": 39, "train/updated": 1, "train/update_seconds": 153.07492446899414, "train/buffer_len": 4000, "train/step": 40000, "train/global_env_steps": 160000, "train/checkpoint_saved": 1, "_wandb": {"runtime": 4333}}