{"train/reward": -8.413088598365036e-06, "train/raw_reward": 0.0, "train/done": 0, "train/episode_reward_running": -0.46728091107354003, "train/episode_raw_reward_running": 0.0, "train/episode_len_running": 698, "_timestamp": 1767686493.0357947, "_runtime": 6822.262111663818, "_step": 69000, "episode/reward": -0.5341843271323324, "episode/raw_reward": 0.0, "episode/len": 1000, "episode/index": 68, "train/updated": 1, "train/update_seconds": 149.02881050109863, "train/buffer_len": 4000, "train/checkpoint_saved": 1, "_wandb": {"runtime": 6833}}