{"train/reward": 0.99997998046875, "train/raw_reward": 0.0, "train/done": 0, "train/episode_reward_running": -4.04597998046876, "train/episode_raw_reward_running": 0.0, "train/episode_len_running": 800, "_timestamp": 1767576205.8780725, "_runtime": 25142.857164382935, "_step": 63800, "episode/reward": -13.839960083008162, "episode/raw_reward": 0.0, "episode/len": 1000, "episode/index": 62, "train/updated": 1, "train/update_seconds": 1421.4159870147705, "train/buffer_len": 4000, "train/checkpoint_saved": 1, "_wandb": {"runtime": 25816}}