{"train/reward": -2.00042724609375e-05, "train/raw_reward": 0.0, "train/done": 0, "train/episode_reward_running": -0.011999996185303587, "train/episode_raw_reward_running": 0.0, "train/episode_len_running": 600, "_timestamp": 1767551280.7989259, "_runtime": 217.77801775932312, "_step": 3600, "episode/reward": -0.01999999237062655, "episode/raw_reward": 0.0, "episode/len": 1000, "episode/index": 2}