{"train/reward": 0.3637363713345703, "train/raw_reward": 0.0, "train/done": 0, "train/episode_reward_running": -0.5499379280211381, "train/episode_raw_reward_running": 0.0, "train/episode_len_running": 600, "_timestamp": 1767667052.765303, "_runtime": 1715.7005548477173, "_step": 19600, "episode/reward": 1.3173952491449628, "episode/raw_reward": 0.0, "episode/len": 1000, "episode/index": 18, "train/updated": 1, "train/update_seconds": 148.70153260231018, "train/buffer_len": 4000}