{"train/reward": -0.2400200004577639, "train/raw_reward": 0.0, "train/done": 0, "train/episode_reward_running": 0.30400000762940743, "train/episode_raw_reward_running": 0.0, "train/episode_len_running": 800, "_timestamp": 1767665495.2430954, "_runtime": 158.17834734916687, "_step": 2800, "episode/reward": 9.90010000801096, "episode/raw_reward": 0.0, "episode/len": 1000, "episode/index": 1}