{"train/reward": -0.2400200004577639, "train/raw_reward": 0.0, "train/done": 0, "train/episode_reward_running": 0.30400000762940443, "train/episode_raw_reward_running": 0.0, "train/episode_len_running": 800, "_timestamp": 1767672482.4927018, "_runtime": 153.32696270942688, "_step": 2800, "episode/reward": 1.2600000076293834, "episode/raw_reward": 0.0, "episode/len": 1000, "episode/index": 1, "_wandb": {"runtime": 155}}