{"train/reward": -2.001953125e-05, "train/raw_reward": 0.0, "train/done": 0, "train/episode_reward_running": -0.01600000000000388, "train/episode_raw_reward_running": 0.0, "train/episode_len_running": 800, "_timestamp": 1767537620.472223, "_runtime": 5576.139755010605, "_step": 59800, "episode/reward": -1.020000000000062, "episode/raw_reward": 0.0, "episode/len": 1000, "episode/index": 58, "train/updated": 1, "train/update_seconds": 141.17976546287537, "train/buffer_len": 4000, "train/checkpoint_saved": 1, "_wandb": {"runtime": 5599}}