{"train/reward": -1.9999027252197267e-05, "train/raw_reward": 0.0, "train/done": 0, "train/episode_reward_running": 0.41200000334903847, "train/episode_raw_reward_running": 0.0, "train/episode_len_running": 400, "_timestamp": 1767663794.3163772, "_runtime": 23.64343523979187, "_step": 400}