{"train/reward": -2.0000457763671876e-05, "train/raw_reward": 0.0, "train/done": 0, "train/episode_reward_running": 1.4168000038147106, "train/episode_raw_reward_running": 0.0, "train/episode_len_running": 600, "_timestamp": 1767663860.443965, "_runtime": 89.77102303504944, "_step": 1600, "episode/reward": 0.7864000071637343, "episode/raw_reward": 0.0, "episode/len": 1000, "episode/index": 0}