{"train/reward": -2.0000457763671876e-05, "train/raw_reward": 0.0, "train/done": 0, "train/episode_reward_running": 12.442139999389717, "train/episode_raw_reward_running": 0.0, "train/episode_len_running": 402, "_timestamp": 1767689831.9745522, "_runtime": 154.29965209960938, "_step": 71600, "episode/reward": -7.36951999473571, "episode/raw_reward": 0.0, "episode/len": 1000, "episode/index": 1}