{"train/reward": -2.00042724609375e-05, "train/raw_reward": 0.0, "train/done": 0, "train/episode_reward_running": 2.8682800216675144, "train/episode_raw_reward_running": 0.0, "train/episode_len_running": 602, "_timestamp": 1767695290.9308136, "_runtime": 567.9936816692352, "_step": 75800, "episode/reward": -20.679620002746567, "episode/raw_reward": 0.0, "episode/len": 1000, "episode/index": 5, "train/updated": 1, "train/update_seconds": 107.06175065040588, "train/buffer_len": 4000, "train/step": 72000, "train/global_env_steps": 288000, "train/checkpoint_saved": 1, "_wandb": {"runtime": 604}}