{"train/reward": -2.00042724609375e-05, "train/raw_reward": 0.0, "train/done": 0, "train/episode_reward_running": 4.984000000000055, "train/episode_raw_reward_running": 0.0, "train/episode_len_running": 800, "_timestamp": 1767550746.7420826, "_runtime": 3501.771584510803, "_step": 11800, "episode/reward": -0.019999999999982896, "episode/raw_reward": 0.0, "episode/len": 1000, "episode/index": 10, "train/updated": 1, "train/update_seconds": 1424.1086602210999, "train/buffer_len": 4000, "_wandb": {"runtime": 3605}}