{"train/reward": -2.410000000000002, "train/raw_reward": 0.0, "train/done": 0, "train/episode_reward_running": -6.719999999999914, "train/episode_raw_reward_running": 0.0, "train/episode_len_running": 600, "env/timeouts": 0, "env/restarts": 0, "env/port": 5205, "_timestamp": 1767766648.2125683, "_runtime": 248.8497552871704, "_step": 3600, "episode/reward": -12.669999999999819, "episode/raw_reward": 0.0, "episode/len": 1000, "episode/index": 2}