{"train/reward": 0.99997998046875, "train/done": 0, "train/episode_reward_running": 1.1700000000000037, "train/episode_reward_raw": 0.0, "train/episode_len_running": 1000, "_timestamp": 1767453568.9949088, "_runtime": 494.57834482192993, "_step": 18000, "episode/reward": 1.1700000000000037, "episode/reward_raw": 0.0, "episode/len": 1000, "episode/index": 17, "train/updated": 1, "_wandb": {"runtime": 494}}