{"train/reward": -0.0001354385443605962, "train/raw_reward": 0.0, "train/done": 0, "train/episode_reward_running": -0.6651516555273579, "train/episode_raw_reward_running": 0.0, "train/episode_len_running": 800, "_timestamp": 1767696797.0517497, "_runtime": 1121.1582536697388, "_step": 11800, "episode/reward": -1.9562601837016638, "episode/raw_reward": 0.0, "episode/len": 1000, "episode/index": 10, "train/updated": 1, "train/update_seconds": 153.07615160942078, "train/buffer_len": 4000, "train/step": 8000, "train/global_env_steps": 32000, "_wandb": {"runtime": 1223}}