{"train/reward": -9.619202609686857e-05, "train/raw_reward": 0.0, "train/done": 0, "train/episode_reward_running": -0.8836085837842693, "train/episode_raw_reward_running": 0.0, "train/episode_len_running": 400, "_timestamp": 1767705380.59658, "_runtime": 2768.545613050461, "_step": 26400, "episode/reward": -7.489677011642561, "episode/raw_reward": 0.0, "episode/len": 1000, "episode/index": 25, "train/updated": 1, "train/update_seconds": 153.37209558486938, "train/buffer_len": 4000, "train/step": 24000, "train/global_env_steps": 96000, "_wandb": {"runtime": 2782}}