{"train/reward": -0.000200042724609375, "train/raw_reward": 0.0, "train/done": 0, "train/episode_reward_running": -0.5999999618530294, "train/episode_raw_reward_running": 0.0, "train/episode_len_running": 600, "_timestamp": 1767702862.3478303, "_runtime": 250.29686331748962, "_step": 3600, "episode/reward": 0.45020008087155206, "episode/raw_reward": 0.0, "episode/len": 1000, "episode/index": 2}