{"train/reward": -0.0020004272356924373, "train/raw_reward": 0.0, "train/done": 0, "train/episode_reward_running": -11.386000053828798, "train/episode_raw_reward_running": 0.0, "train/episode_len_running": 800, "_timestamp": 1767545855.0334432, "_runtime": 1882.1092293262482, "_step": 7800, "episode/reward": -1.7039947421168182, "episode/raw_reward": 0.0, "episode/len": 1000, "episode/index": 6, "train/updated": 1, "train/update_seconds": 1424.1234800815582, "train/buffer_len": 4000, "_wandb": {"runtime": 2848}}